"Item type","Authors","Title","Journal","Publication year","Volume","Issue","Pages","Institution","Publisher","Book title","Proceedings title","Date published","Sub-type","School"
"Journal Article","Izbicki R,Lee AB","Nonparametric conditional density estimation in a high-dimensional regression setting","Journal of Computational and Graphical Statistics","2016","25","4","1297-1316","","Taylor & Francis","","","2016","",""
"Journal Article","Izbicki R,Stern RB","Learning with many experts: model selection and sparsity","Statistical Analysis and Data Mining: The ASA Data Science Journal","2013","6","6","565-577","","Wiley Online Library","","","2013","",""
"Journal Article","Aprahamian I,Diniz BS,Izbicki R,Radanovic M,Nunes PV,Forlenza OV","Optimizing the CAMCOG test in the screening for mild cognitive impairment and incipient dementia: saving time with relevant domains","International journal of geriatric psychiatry","2011","26","4","403-408","","Wiley Online Library","","","2011","",""
"Journal Article","Aprahamian I,de Castro Cezar NO,Izbicki R,Lin SM,Paulo DL,Fattori A,Biella MM,Jacob Filho W,Yassuda MS","Screening for frailty with the FRAIL scale: a comparison with the phenotype criteria","Journal of the American Medical Directors Association","2017","18","7","592-596","","Elsevier","","","2017","",""
"Journal Article","Da Silva GM,Esteves LG,Fossaluza V,Izbicki R,Wechsler S","A bayesian decision-theoretic approach to logically-consistent hypothesis testing","Entropy","2015","17","10","6534-6559","","MDPI","","","2015","",""
"Journal Article","Cisewski J,Kadane JB,Schervish MJ,Seidenfeld T,Stern R","Bayesian Learning, Meager Sets and Countably Additive Probabilities: replies to G. Belot and A. Elga","","","","","","","","","","","",""
"Journal Article","Izbicki R,Lee AB,Freeman PE","Photo-z estimation: An example of nonparametric conditional density estimation under selection bias","","2017","","","","","","","","2017","",""
"Journal Article","Stern RB,Kadane JB","Compensating for the loss of a chance","arXiv preprint arXiv:1412. 1501","2014","","","","","","","","2014","",""
"Journal Article","Cecato JF,Martinelli JE,Izbicki R,Yassuda MS,Aprahamian I","A subtest analysis of the Montreal cognitive assessment (MoCA): which subtests can best discriminate between healthy controls, mild cognitive impairment and Alzheimer's disease?","International psychogeriatrics","2016","28","5","825-832","","Cambridge University Press","","","2016","",""
"Journal Article","Seidenfeld T,Schervish MJ,Kadane JB,Stern R,Cisewski J","Radically Elementary IP Theory Based on Extensive Measurement","ISIPTA’15","","","","349","","","","","","",""
"Conference Paper","Lauretto MS,Stern RB,Morgan KL,Clark MH,Stern JM","Haphazard intentional allocation and rerandomization to improve covariate balance in experiments","","2017","1853","","","AIP Publishing","","","AIP Conference Proceedings","2017","",""
"Journal Article","Izbicki R,Santos TM","Machine Learning sob a ótica estatística","Ufscar/Insper: São Paulo, Brazil","2018","","","","","","","","2018","",""
"Journal Article","Sandqvist T,Izbicki R,Esteves LG,Surinx D,Fletcher GH,Gyssens M,Leinders D,Van den Bussche J,Van Gucht D,Vansummeren S,Others","LOGIC JOURNAL of the IGPL","","","","","","","","","","","",""
"Journal Article","Stern JM,Izbicki R,Esteves LG,Stern RB","Logically-consistent hypothesis testing and the hexagon of oppositions","Logic Journal of the IGPL","2017","25","5","741-757","","Oxford University Press","","","2017","",""
"Journal Article","Schervish MJ,Seidenfeld T,Stern RB,Kadane JB","What finite-additivity can add to decision theory","Statistical Methods & Applications","2020","29","2","237-263","","Springer Berlin Heidelberg","","","2020","",""
"Journal Article","Aprahamian I,Martinelli JE,Cecato J,Izbicki R,Yassuda MS","Can the CAMCOG be a good cognitive test for patients with Alzheimer's disease with low levels of education?","International psychogeriatrics","2011","23","1","96-101","","Cambridge University Press","","","2011","",""
"Journal Article","Stern RB,Pereira CA","Statistical information: a Bayesian perspective","Entropy","2012","14","11","2254-2264","","MDPI","","","2012","",""
"Ph.D. Thesis","Izbicki R","Classes de testes de hipóteses","","2010","","","","","","","","2010","Ph.D. Thesis","Universidade de Sao Paulo"
"Journal Article","Stern RB,Kadane JB","Pain and suffering quantified: Judge Weinstein’s concept of similarity between cases","Law, Probability and Risk","2013","12","1","75-87","","Oxford University Press","","","2013","",""
"Conference Paper","Izbicki R,Lee A,Schafer C","High-dimensional density ratio estimation with extensions to approximate likelihood computation","","2014","","","420-429","PMLR","","","Artificial intelligence and statistics","2014","",""
"Journal Article","Cisewski J,Kadane JB,Schervish MJ,Seidenfeld T,Stern R","The Rest of Sleeping Beauty","","","","","","","","","","","",""
"Conference Paper","Ceregatti RC,Izbicki R,Salasar LE","A nonparametric bayesian approach for the two-sample problem","","2018","","","231-241","Springer International Publishing","","","Bayesian Inference and Maximum Entropy Methods in Science and Engineering: MaxEnt 37, Jarinu, Brazil, July 09--14, 2017 37","2018","",""
"Journal Article","Vaz AF,Izbicki R,Stern RB","Quantification under prior probability shift: The ratio estimator and its extensions","Journal of Machine Learning Research","2019","20","79","1-33","","","","","2019","",""
"Journal Article","MartinoT L,Stern RB,Louzada F","Comments on the Article by Matthew T. Pratola","","","","","","","","","","","",""
"Journal Article","Esteves LG,Izbicki R,Stern JM,Stern RB","The logical consistency of simultaneous agnostic hypothesis tests","Entropy","2016","18","7","256","","MDPI","","","2016","",""
"Journal Article","Diniz MA,Stern RB,Salasar LE","Positive polynomials on closed boxes","TEMA (São Carlos)","2019","20","","509-519","","Sociedade Brasileira de Matemática Aplicada e Computacional","","","2019","",""
"Conference Paper","Vaz A,Izbicki R,Stern RB","Prior shift using the ratio estimator","","2018","","","25-35","Springer International Publishing","","","Bayesian Inference and Maximum Entropy Methods in Science and Engineering: MaxEnt 37, Jarinu, Brazil, July 09--14, 2017 37","2018","",""
"Journal Article","Lee AB,Izbicki R","A spectral series approach to high-dimensional nonparametric regression","","2016","","","","","","","","2016","",""
"Journal Article","Cisewski J,Kadane JB,Schervish MJ,Seidenfeld T,Stern R","Sleeping Beauty’s credences","Philosophy of Science","2016","83","3","324-347","","Cambridge University Press","","","2016","",""
"Journal Article","Diniz MA,Izbicki R,Lopes D,Salasar LE","Comparing probabilistic predictive models applied to football","Journal of the Operational Research Society","2019","70","5","770-782","","Taylor & Francis","","","2019","",""
"Journal Article","Izbicki R,Esteves LG","Inferência Bayesiana para Proporções em Cenários Eleitorais","","","","","","","","","","","",""
"Conference Paper","Pulgrossi RC,Oliveira NL,Polpo A,Izbicki R","A Comparison of Two Methods for Obtaining a Collective Posterior Distribution","","2018","","","221-230","Springer International Publishing","","","Bayesian Inference and Maximum Entropy Methods in Science and Engineering: MaxEnt 37, Jarinu, Brazil, July 09--14, 2017 37","2018","",""
"Journal Article","Wechsler S,Izbicki R,Esteves LG","A Bayesian look at nonidentifiability: A simple example","The American Statistician","2013","67","2","90-93","","Taylor & Francis","","","2013","",""
"Journal Article","Freeman PE,Izbicki R,Lee AB,Newman JA,Conselice CJ,Koekemoer AM,Lotz JM,Mozena M","New image statistics for detecting disturbed galaxy morphologies at high redshift","Monthly Notices of the Royal Astronomical Society","2013","434","1","282-295","","The Royal Astronomical Society","","","2013","",""
"Conference Paper","Esteves LG,Izbicki R,Stern JM,Stern RB","Hexagons of Opposition for Statistical Modalities","","1974","51","","20","","","","5th World Congress on the","1974","",""
"Journal Article","Brentani H,Nakano EY,Martins CB,Izbicki R,Pereira CA","Disequilibrium coefficient: a Bayesian perspective","Statistical Applications in Genetics and Molecular Biology","2011","10","1","","","De Gruyter","","","2011","",""
"Journal Article","Izbicki R,B Lee A,Freeman P,Newman JA","Detection of non-regular galaxies at high redshift","","2012","","","","","Carnegie Mellon University","","","2012","",""
"Journal Article","Pereira CA,Brentani H,Nakano EY,Martins CB,Izbicki R","Disequilibrium Coefficient: A Bayesian Perspective","","","","","","","","","","","",""
"Journal Article","Fossaluza V,Izbicki R,da Silva GM,Esteves LG","Monotonicidade em Testes de Hipóteses","","","","","","","","","","","",""
"Journal Article","Cezar NO,Izbicki R,Cardoso D,Almeida JG,Valiengo L,Camargo MV,Forlenza OV,Yassuda MS,Aprahamian I","Frailty in older adults with amnestic mild cognitive impairment as a result of Alzheimer's disease: A comparison of two models of frailty characterization","Geriatrics & Gerontology International","2017","17","11","2096-2102","","","","","2017","",""
"Conference Paper","Freeman PE,Izbicki R,Lee AB,Schafer C,Slepčev D,Newman J","Detecting Galaxy Mergers at High Redshift","","2012","","","497-498","Springer New York","","","Statistical Challenges in Modern Astronomy V","2012","",""
"Journal Article","Polpo A,Stern J,Louzada F,Izbicki R,Takada H","Bayesian inference and maximum entropy methods in science and engineering","Springer Proceedings in Mathematics & Statistics","2018","","","","","","","","2018","",""
"Journal Article","Freeman PE,Izbicki R,Lee AB","A unified framework for constructing, tuning and assessing photometric redshift density estimates in a selection bias setting","Monthly Notices of the Royal Astronomical Society","2017","468","4","4556-4565","","Oxford University Press","","","2017","",""
"Journal Article","Gomes FC,de Andrade AG,Izbicki R,Almeida AM,de Oliveira LG","Religion as a protective factor against drug use among Brazilian university students: a national survey","Revista Brasileira de Psiquiatria","2013","35","1","29-37","","No longer published by Elsevier","","","2013","",""
"Journal Article","Coscrato V,Izbicki R,Stern RB","Agnostic tests can control the type I and type II errors simultaneously","Brazilian Journal of Probability and Statistics","2020","34","2","230-250","","Brazilian Statistical Association, Institute of Mathematical Statistics","","","2020","",""
"Journal Article","Izbicki R,B. Lee A","Converting high-dimensional regression to high-dimensional conditional density estimation","","2017","","","","","","","","2017","",""
"Ph.D. Thesis","Stern RB","A statistical contribution to historical linguistics","","2015","","","","","","","","2015","Ph.D. Thesis","Phd Thesis"
"Journal Article","Cisewski J,Kadane JB,Schervish MJ,Seidenfeld T,Stern R","Sleeping Beauty’s Credences","","2015","","","","","","","","2015","",""
"Journal Article","Stern JM,Esteves LG,Izbicki R,Stern RB","Logical modalities in statistical models","Handbook of abstracts","2018","","","","","","","","2018","",""
"Journal Article","Fossaluza V,Izbicki R,da Silva GM,Esteves LG","Coherent hypothesis testing","The American Statistician","2017","71","3","242-248","","Taylor & Francis","","","2017","",""
"Journal Article","Stern RB,Kadane JB","Coherence of countably many bets","Journal of Theoretical Probability","2015","28","","520-538","","Springer US","","","2015","",""
"Miscellaneous","Martino L,Stern RB,Louzada F","Efficient Metropolis-Hastings Proposal Mechanisms for Bayesian Regression Tree Models Comment","BAYESIAN ANALYSIS","2016","11","3","941-943","","INT SOC BAYESIAN ANALYSIS CARNEGIE MELLON UNIV, DEPT STTISTICS, PITTSBURGH …","","","2016","",""
"Journal Article","Izbicki R,Esteves LG","Análise de dados circulares Rafael Izbicki e Prof. Dr. Luis Gustavo Esteves1","","","","","","","","","","","",""
"Journal Article","Izbicki R,Lee AB,Finol EA","Assessment of aortic aneurysm rupture risk","arXiv preprint arXiv:1106. 0545","2011","6","3","","","","","","2011","",""
"Journal Article","Izbicki R,Lee AB,Schafer CM","Supplementary Material for “High-Dimensional Density Ratio Estimation with Extensions to Approximate Likelihood Computation”","","","","","","","","","","","",""
"Conference Paper","Bonassi FV,Nishimura R,Stern RB","In defense of randomization: A subjectivist bayesian approach","","2009","1193","","32-39","American Institute of Physics","","","Aip Conference Proceedings","2009","",""
"Journal Article","Izbicki R,Lee AB,Pospisil T","ABC--CDE: Toward approximate Bayesian computation with complex high-dimensional data and limited simulations","Journal of Computational and Graphical Statistics","2019","28","3","481-492","","Taylor & Francis","","","2019","",""
"Journal Article","Ianishi P,Izbicki R","Classificação Morfológica de Galáxias em Conjuntos de Dados Desbalanceados","TEMA (São Carlos)","2017","18","","155-172","","Sociedade Brasileira de Matemática Aplicada e Computacional","","","2017","",""
"Ph.D. Thesis","Stern RB","Diagramas de influência e teoria estatística","","2009","","","","","","","","2009","Ph.D. Thesis","Universidade de São Paulo"
"Journal Article","Chkrebtii OA,Hoegh A,Entezari R,Craiu RV,Rosenthal JS,Mohammadi A,Kaptein M,Martino L,Stern RB,Louzada F","Contributed discussion on article by Pratola","Bayesian Analysis","2016","11","3","938-940","","INT SOC BAYESIAN ANALYSIS","","","2016","",""
"Journal Article","Barcelos-Ferreira R,Izbicki R,Steffens DC,Bottino CM","Depressive morbidity and gender in community-dwelling Brazilian elderly: systematic review and meta-analysis","International psychogeriatrics","2010","22","5","712-726","","Cambridge University Press","","","2010","",""
"Journal Article","Esteves LG,Izbicki R,Stern RB","Teaching decision theory proof strategies using a crowdsourcing problem","The American Statistician","2017","71","4","336-343","","Taylor & Francis","","","2017","",""
"Journal Article","de Carvalho Ceregatti R,Izbicki R,Bueno Salasar LE","WIKS: a general Bayesian nonparametric index for quantifying differences between two populations","TEST","2021","30","1","274-291","","Springer Berlin Heidelberg","","","2021","",""
"Journal Article","Izbicki R,Fossaluza V,Hounie AG,Nakano EY,de Braganca Pereira CA","Testing allele homogeneity: the problem of nested hypotheses","BMC genetics","2012","13","","1-11","","BioMed Central","","","2012","",""
"Journal Article","Aprahamian I,Sassaki E,Dos Santos MF,Izbicki R,Pulgrossi RC,Biella MM,Borges AC,Sassaki MM,Torres LM,Fernandez ÍS,Others","Hypertension and frailty in older adults","The Journal of Clinical Hypertension","2018","20","1","186-192","","","","","2018","",""
"Journal Article","Izbicki R,Esteves LG","Análise de dados circulares","IV Simpósio de Iniciação Científica e Pós-Graduação do IME-USP, São Paulo. Atas","2008","","","69-74","","","","","2008","",""
"Journal Article","Bonassi FV,Stern RB,Peixoto CM,Wechsler S","Exchangeability and the law of maturity","Theory and Decision","2015","78","","603-615","","Springer US","","","2015","",""
"Journal Article","Stern R","The rest of Sleeping Beauty","Online. Accessed Sept","2013","4","","2014","","","","","2013","",""
"Journal Article","Cisewski J,Kadane JB,Schervish MJ,Seidenfeld T,Stern R","Standards for modest Bayesian credences","Philosophy of Science","2018","85","1","53-78","","Cambridge University Press","","","2018","",""
"Journal Article","Izbicki R,Lee AB","Appendix of “Nonparametric Conditional Density Estimation in a High-Dimensional Regression Setting”","","","","","","","","","","","",""
"Journal Article","Izbicki R,Esteves LG","Logical consistency in simultaneous statistical test procedures","Logic Journal of the IGPL","2015","23","5","732-758","","Oxford University Press","","","2015","",""
"Journal Article","Izbicki R,Esteves LG,Surinx D,Fletcher GH,Gyssens M,Leinders D,Van den Bussche J,Van Gucht D,Vansummeren S,Wu Y,Others","Tor Sandqvist","","","","","","","","","","","",""
"Conference Paper","Stern RB,de B. Pereira CA","A possible foundation for Blackwell’s Equivalence","","2008","1073","","90-95","American Institute of Physics","","","AIP Conference Proceedings","2008","",""
"Journal Article","Bonassi F,Stern RB,Wechsler S","The Gambler's fallacy:: a bayesian approach","","2008","","","","","","","","2008","",""
"Journal Article","Samawi HM,Pararai M,Mercy J,Kumaran M,Dung NT,Thao TH,Diniz CAR,Tutia MH,Leite JG,Beena VT,Others","MM ALI, J. WOO and S. NADARAJAH Some skew symmetric inverse reflected distributions............................","","","","","","","","","","","",""
"Journal Article","Salasar LE,Others","Eliminação de parâmetros perturbadores em um modelo de captura-recaptura","","2011","","","","","Universidade Federal de São Carlos","","","2011","",""
"Conference Paper","Louzada F,Suzuki AK,Salasar LE,Ara A,Leite JG","A Bayesian Approach to Predicting Football Match Outcomes Considering Time Effect Weight","","2015","","","149-162","Springer International Publishing","","","Interdisciplinary Bayesian Statistics: EBEB 2014","2015","",""
"Journal Article","Salasar LE,Leite JG,Neto FL","A generalized negative binomial distribution based on an extended Poisson process","","2010","","","","","","","","2010","",""
"Journal Article","Nagarajah V,Sutradhar BC,Jowaheer V,Biswas A,Salasar LEB,Leite JG,Louzada F,Pericchi L,Pereira C,Nematollahi N,Others","A. ASGHARZADEH, HS BAKOUCH, S. NADARAJAH and F. SHARAFI A new weighted Lindley distribution with application...........................","","","","","","","","","","","",""
"Journal Article","Zuanetti DA,Milan LA","Data-driven reversible jump for qtl mapping","Genetics","2016","202","1","25-36","","Oxford University Press","","","2016","",""
"Journal Article","Salasar LE,Others","O processo de Poisson estendido e aplicações","","2007","","","","","Universidade Federal de São Carlos","","","2007","",""
"Journal Article","Zuanetti DA,Milan LA","Second-order autoregressive hidden Markov model","Brazilian Journal of Probability and Statistics","2017","","","653-665","","Brazilian Statistical Association","","","2017","",""
"Journal Article","Zuanetti DA,Müller P,Zhu Y,Yang S,Ji Y","Bayesian nonparametric clustering for large data sets","Statistics and Computing","2019","29","","203-215","","Springer US","","","2019","",""
"Journal Article","Zuanetti DA,Milan LA","A generalized mixture model applied to diabetes incidence data","Biometrical Journal","2017","59","4","826-842","","Wiley Online Library","","","2017","",""
"Conference Paper","Franco MAP,Viola MLL,Salasar LEB","Creating new copula models from given distributions","","2013","1558","","1483-1486","American Institute of Physics","","","AIP Conference Proceedings","2013","",""
"Journal Article","Zuanetti DA,Others","Modelos HMM com dependência de segunda ordem: aplicação em genética","","2006","","","","","Universidade Federal de São Carlos","","","2006","",""
"Journal Article","Salasara LE,Leite JG,Louzada F","Likelihood-based inference for population size in a capture--recapture experiment with varying probabilities from occasion to occasion","Brazilian Journal of Probability and Statistics","2016","","","47-69","","Brazilian Statistical Association","","","2016","",""
"Journal Article","Salasar LE,Leite JG,Louzada F","On the integrated maximum likelihood estimators for a closed population capture--recapture model with unequal capture probabilities","Statistics","2015","49","6","1204-1220","","Taylor & Francis","","","2015","",""
"Journal Article","Zuanetti DA,Others","Efficient Bayesian methods for mixture models with genetic applications","","2016","","","","","Universidade Federal de São Carlos","","","2016","",""
"Journal Article","Louzada F,Suzuki AK,Salasar LE,Ara A,Leite JG","SIMULATION-BASED METHODOLOGY FOR PREDICTING FOOTBALL MATCH OUTCOMES CONSIDERING EXPERTS'OPINIONS: THE 2010 AND 2014 FOOTBALL WORLD CUP CASES","Pesquisa Operacional","2015","35","","577-598","","Sociedade Brasileira de Pesquisa Operacional","","","2015","",""
"Journal Article","Suzuki AK,Salasar LE,Leite JG,Louzada-Neto F","A Bayesian approach for predicting match outcomes: the 2006 (Association) Football World Cup","Journal of the Operational Research Society","2010","61","10","1530-1539","","Taylor & Francis","","","2010","",""
"Journal Article","Zuanetti DA,Müller P,Zhu Y,Yang S,Ji Y","Clustering distributions with the marginalized nested Dirichlet process","Biometrics","2018","74","2","584-594","","","","","2018","",""
"Journal Article","Diniz MA,Lopes D,Polpo A,Salasar LEB","The Sticker Collector′ s Problem","The College Mathematics Journal","2016","47","4","255-263","","Taylor & Francis","","","2016","",""
"Journal Article","Moriguchi CS,Carnaz L,Silva LC,Salasar LE,Carregaro RL,de Oliveira Sato T,Coury HJ","Reliability of intra-and inter-rater palpation discrepancy and estimation of its effects on joint angle measurements","Manual Therapy","2009","14","3","299-305","","Elsevier","","","2009","",""
"Journal Article","Batistão MV,Moreira RF,Coury HJ,Salasar LE,Sato TO","Prevalence of postural deviations and associated factors in children and adolescents: a cross-sectional study","Fisioterapia em Movimento","2016","29","","777-786","","Pontifícia Universidade Católica do Paraná","","","2016","",""
"Journal Article","Louzada F,Suzuki AK,Salasar LE","Predicting match outcomes in the English Premier League: Which will be the final rank?","Journal of Data Science","2014","12","2","235-254","","中華資料採礦協會","","","2014","",""
"Conference Paper","D'alencar M,Uscapi Y,Dias C,Stern R,Galves J,Helene A,Piemonte ME,Others","The goalkeeper game has higher prediction power than moca for gait performance in people living with parkinson's disease","","2018","","","","WILEY","","","Movement Disorders","2018","",""
"Journal Article","Stern RB,d'Alencar M,Uscapi YL,Gubitoso MD,Roque AC,Helene AF,Piemonte ME","Goalkeeper game: a new assessment instrument in neurology showed higher predictive power than moca for gait performance in people with parkinson’s disease","bioRxiv","2018","","","400457","","Cold Spring Harbor Laboratory","","","2018","",""
"Journal Article","Esteves LG,Wechsler S,Leite JG,González-López VA","DeFinettian consensus","Theory and decision","2000","49","","79-96","","Kluwer Academic Publishers","","","2000","",""
"Journal Article","Pereira CA,Nakano EY,Fossaluza V,Esteves LG,Gannon MA,Polpo A","Hypothesis tests for bernoulli experiments: Ordering the sample space by bayes factors and using adaptive significance levels for decisions","Entropy","2017","19","12","696","","MDPI","","","2017","",""
"Ph.D. Thesis","Esteves LG","Coincidência de distribuições através de uma transformação de De Finetti","","1997","","","","","","","","1997","Ph.D. Thesis","Universidade de São Paulo"
"Journal Article","Hollar DW,Hattie J,Goldman B,Lancaster J,Esteves LG,Wechsler S,Leite JG,González-López VA,Consensus D,Sense'Environments B","DeFinettian Consensus","","2000","","","","","","","","2000","",""
"Journal Article","Esteves LG,Wechsler S,Iglesias PL","Some characterizations of uniform models","Statistics & probability letters","2004","69","4","397-404","","North-Holland","","","2004","",""
"Conference Paper","de Carvalho HG,Esteves LG","A Bayesian Test for Marginal Homogeneity in Contingency Tables","","2016","","","29","","","","31st International Workshop on Statistical Modelling","2016","",""
"Journal Article","Madruga MR,Esteves LG,Wechsler S","On the bayesianity of pereira-stern tests","Test","2001","10","","291-299","","Springer-Verlag","","","2001","",""
"Journal Article","Fernandes AM,Esteves L,Lobo MJ,Leite J,Morais J,Fernandes F,Semide J,Moniz GC","Kuarenta: documentário e centenário para uma República comunitária","Joelho: Revista de Cultura Arquitectónica","2015","","06","262-267","","EDARQ","","","2015","",""
"Journal Article","Esteves LG,Peixoto CM,Simonis A","On runs in exchangeable Bernoulli processes","","2005","","","","","","","","2005","",""
"Conference Paper","Borges WS,Esteves LG,Wechsler S","On the Estimation of Process Parameters in the Taguchi’s Approach to the On-line Control Procedure for Attributes","","2008","1073","","268-277","American Institute of Physics","","","AIP Conference Proceedings","2008","",""
"Conference Paper","Melo BA,Esteves LG","Bayesian Hypothesis Testing in Finite Populations: Bernoulli Multivariate Variables","","2015","","","197-205","Springer International Publishing","","","Interdisciplinary Bayesian Statistics: EBEB 2014","2015","",""
"Journal Article","Fossaluza V,Esteves LG,Pereira CA","Estimating multivariate discrete distributions using Bernstein copulas","Entropy","2018","20","3","194","","MDPI","","","2018","",""
"Journal Article","Marcula M,Esteves LG,Melo BAR,Nunes RAB,Fossaluza V,Pereira CAB,Mansur AJ","P5666 Long-term survival analysis of patients with heart failure of different etiologies in a Brazilian cohort of outpatients-a bayesian approach","European Heart Journal","2018","39","suppl_1","ehy566-P5666","","Oxford University Press","","","2018","",""
"Journal Article","Borges WS,Esteves LG,Wechsler S","Process parameters estimation in the Taguchi on-line quality monitoring procedure for attributes","","2005","","","","","","","","2005","",""
"Journal Article","Wechsler S,Esteves LG,Simonis A,Peixoto C","Indifference, neutrality and informativeness: Generalizing the three prisoners paradox","Synthese","2005","143","","255-272","","Kluwer Academic Publishers","","","2005","",""
"Journal Article","Tsunemi MH,Campos TF,Esteves LG,Leite JG,Wechsler S","A Bayesian nonparametric model for Taguchi's on-line quality monitoring procedure for attributes","Journal of Statistical Planning and Inference","2012","142","9","2701-2709","","Elsevier","","","2012","",""
"Journal Article","Nunes M,Ribeiro I,Roquim P,Trecenti J","The Sheriff of Nottingham Hypothesis: A Tribute to Theodore Eisenberg","Journal of Institutional and Theoretical Economics: JITE","2015","","","122-140","","Mohr Siebeck GmbH & Co. KG","","","2015","",""
"Journal Article","Corrêa F,Trecenti J","Symmetric and Asymmetric Information Models Living Together: Evidence from Brazilian Courts","Available at SSRN 3205741","2018","","","","","","","","2018","",""
"Journal Article","Nunes MG,Trecenti JA","Reformas de decisão nas câmaras de direito criminal em São Paulo","Acessado em","2015","15","11","2016","","","","","2015","",""
"Journal Article","Da Silva FM,Miño CI,Izbicki R,Del Lama SN","Considerations for monitoring population trends of colonial waterbirds using the effective number of breeders and census estimates","Ecology and evolution","2018","8","16","8088-8101","","","","","2018","",""
"Journal Article","Izbicki R,Others","Monitoramento Online da Dengue","Brazilian Journal of Biometrics","2018","36","3","512-526","","","","","2018","",""
"Journal Article","de Almeida Inácio MH,Izbicki R,Salasar LE","Comparing two populations using Bayesian Fourier series density estimation","Communications in Statistics-Simulation and Computation","2020","49","1","261-282","","Taylor & Francis","","","2020","",""
"Journal Article","Esteves LG,Izbicki R,Stern JM,Stern RB","Pragmatic hypotheses in the evolution of science","Entropy","2019","21","9","883","","MDPI","","","2019","",""
"Ph.D. Thesis","Feliciano JD","Uma transformação de De Finetti e campos de coincidência de opiniões","","2006","","","","","","","","2006","Ph.D. Thesis","Universidade de São Paulo"
"Journal Article","Marçula M,Esteves LG,Melo BA,Nunes RA,Fossaluza V,Pereira CA,Mansur AJ","Long-term survival analysis of patients with heart failure of different etiologies in a Brazilian cohort of outpatients: a bayesian approach","European Heart Journal","2018","39","","1192-1193","","","","","2018","",""
"Ph.D. Thesis","Esteves LG","Fortalecimentos de representações de algumas sequências permutáveis","","2001","","","","","","","","2001","Ph.D. Thesis","Universidade de São Paulo"
"Journal Article","Villar Couto CM,Cumming GS,Lacorte GA,Congrains C,Izbicki R,Braga EM,Rocha CD,Moralez-Silva E,Henry DA,Manu SA,Others","Avian haemosporidians in the cattle egret (Bubulcus ibis) from central-western and southern Africa: High diversity and prevalence","Plos one","2019","14","2","e0212425","","Public Library of Science San Francisco, CA USA","","","2019","",""
"Journal Article","Coscrato V,Esteves LG,Izbicki R,Stern RB","Interpretable hypothesis tests","arXiv preprint arXiv:1904. 06605","2019","","","","","","","","2019","",""
"Journal Article","de Almeida Inacio MH","Modeling paid losses in the Brazilian car insurance market","","","","","","","","","","","",""
"Journal Article","de Almeida Inacio MH","Introdução ao Stan como ferramenta de inferência bayesiana","","","","","","","","","","","",""
"Journal Article","Gigante AD,Barenboim IY,Dias RS,Toniolo RA,Mendonca T,Miranda-Scippa Â,Kapczinski F,Lafer B","Psychiatric and clinical correlates of rapid cycling bipolar disorder: a cross-sectional study","Brazilian Journal of Psychiatry","2016","38","","270-274","","Associação Brasileira de Psiquiatria","","","2016","",""
"Journal Article","de Macedo-Soares MB,Brietzke E,Dias RS,Mendonça T,Moreira C,Lafer B","A comparison of the symptomatic profile between two consecutive depressive episodes in patients with bipolar disorder type I","Acta neuropsychiatrica","2010","22","6","280-283","","Cambridge University Press","","","2010","",""
"Conference Paper","Dalmasso N,Lee A,Izbicki R,Pospisil T,Kim I,Lin CA","Validation of approximate likelihood and emulator models for computationally intensive simulations","","2020","","","3349-3361","PMLR","","","International Conference on Artificial Intelligence and Statistics","2020","",""
"Journal Article","Pezzott GL,Salasar LE,Leite JG,Louzada-Neto F","A note on identifiability and maximum likelihood estimation for a heterogeneous capture-recapture model","Communications in Statistics-Theory and Methods","2020","49","21","5273-5293","","Taylor & Francis","","","2020","",""
"Journal Article","Stern RB,Kadane JB","Indemnity for a lost chance","Law, Probability and Risk","2019","18","2-3","115-148","","Oxford University Press","","","2019","",""
"Journal Article","Coscrato V,de Almeida Inacio MH,Izbicki R","The NN-Stacking: Feature weighted linear stacking through neural networks","Neurocomputing","2020","399","","141-152","","Elsevier","","","2020","",""
"Journal Article","Santos HG,Nascimento CF,Izbicki R,Duarte YA,Chiavegatto Filho P,Dias A","Machine learning para análises preditivas em saúde: exemplo de aplicação para predizer óbito em idosos de São Paulo, Brasil","Cadernos de Saúde Pública","2019","35","","e00050818","","Escola Nacional de Saúde Pública Sergio Arouca, Fundação Oswaldo Cruz","","","2019","",""
"Journal Article","Santos HG,Nascimento CF,Izbicki R,Duarte YA,Chiavegatto Filho P,Dias A","Machine learning for predictive analyses in health: an example of an application to predict death in the elderly in São Paulo, Brazil","Cadernos de Saúde Pública","2019","35","","e00050818","","Escola Nacional de Saúde Pública Sergio Arouca, Fundação Oswaldo Cruz","","","2019","",""
"Journal Article","Inácio MH,Izbicki R,Stern RB","Conditional independence testing: a predictive perspective","arXiv preprint arXiv:1908. 00105","2019","","","","","","","","2019","",""
"Conference Paper","Botari T,Izbicki R,de Carvalho AC","Local interpretation methods to machine learning using the domain of the feature space","","2019","","","241-252","Springer International Publishing Cham","","","Joint European conference on machine learning and knowledge discovery in databases","2019","",""
"Journal Article","Dalmasso N,Pospisil T,Lee AB,Izbicki R,Freeman PE,Malz AI","Conditional density estimation tools in python and R with applications to photometric redshifts and likelihood-free cosmological inference","Astronomy and Computing","2020","30","","100362","","Elsevier","","","2020","",""
"Journal Article","dos Santos HG,do Nascimento CF,Izbicki R,de Oliveira Duarte YA,Chiavegatto Filho AD","Imprimir ARTIGO: Machine learning para análises preditivas em saúde: exemplo de aplicação para predizer óbito em idosos de São Paulo, Brasil","","","","","","","","","","","",""
"Journal Article","Izbicki R,Shimizu GT,Stern RB","Flexible distribution-free conditional predictive bands using density estimators","arXiv preprint arXiv:1910. 05575","2019","","","","","","","","2019","",""
"Journal Article","Coscrato V,Inácio MH,Botari T,Izbicki R","NLS: an accurate and yet easy-to-interpret regression method","arXiv preprint arXiv:1910. 05206","2019","","","","","","","","2019","",""
"Journal Article","Suzuki AK,Louzada F,Francini JF,Salasar LE","Modelagem Estatística para previsão de resultados de Jogos de Futebol: Quem será o Campeão Brasileiro de 2010?","Revista brasileira de estatistica","2014","75","240","27-46","","","","","2014","",""
"Journal Article","Stern R","Caracterização química e física dos aerossóis durante a estação seca de 2013 na Amazônia Central","","2015","","","","","Instituto Nacional de Pesquisas da Amazônia-INPA","","","2015","",""
"Journal Article","Yang F,Qubaja R,Tatarinov F,Stern R,Yakir D","Soil--atmosphere exchange of carbonyl sulfide in a Mediterranean citrus orchard","Atmospheric Chemistry and Physics","2019","19","6","3873-3883","","Copernicus Publications Göttingen, Germany","","","2019","",""
"Journal Article","Whitehead JD,Darbyshire E,Brito J,Barbosa HM,Crawford I,Stern R,Gallagher MW,Kaye PH,Allan JD,Coe H,Others","Biogenic cloud nuclei in the central Amazon during the transition from wet to dry season","Atmospheric Chemistry and Physics","2016","16","15","9727-9743","","Copernicus GmbH","","","2016","",""
"Journal Article","Whitehead JD,Darbyshire E,Brito J,Barbosa HMJ,Crawford I,Stern R,Gallagher MW,Kaye PH,Allan JD,Coe H,Others","Interactive comment on “Biogenic cloud nuclei in the Amazon” by JD Whitehead et al","","2016","","","","","","","","2016","",""
"Journal Article","Whitehead JD,Darbyshire E,Brito J,Barbosa HMJ,Crawford I,Stern R,Gallagher MW,Kaye PH,Allan JD,Coe H,Others","Biogenic cloud nuclei in the Amazon","Atmospheric Chemistry and Physics","2016","2016","1","1-1","","Copernicus GmbH","","","2016","",""
"Conference Paper","Artaxo P,Stern R,Brito J,Carbone S","Aerosol Chemical and Physical Characterization in Central Amazonia during the 2013 Dry Season","","2015","2015","","A31A-0018","","","","AGU Fall Meeting Abstracts","2015","",""
"Journal Article","Lauretto MS,Stern R,Ribeiro C,Stern J","Haphazard intentional sampling techniques in network design of monitoring stations","Multidisciplinary Digital Publishing Institute Proceedings","2019","33","1","12","","","","","2019","",""
"Journal Article","Esteves LG,Fossaluza V,Silva BD,Nunes ER","Relatório de análise estatística sobre o projeto “mapeamento dos casos de intoxicações agudas atendidos no Centro de Controle de Intoxicações da cidade de São Paulo”","","2017","","","","","","","","2017","",""
"Conference Paper","Moor M,Horn M,Rieck B,Borgwardt K","Topological autoencoders","","2020","","","7045-7054","PMLR","","","International conference on machine learning","2020","",""
"Journal Article","Schmidt SJ,Malz AI,Soo JYH,Almosallam IA,Brescia M,Cavuoti S,Cohen-Tanugi J,Connolly AJ,DeRose J,Freeman PE,Others","Evaluation of probabilistic photometric redshift estimation approaches for The Rubin Observatory Legacy Survey of Space and Time (LSST)","Monthly Notices of the Royal Astronomical Society","2020","499","2","1587-1606","","Oxford University Press","","","2020","",""
"Journal Article","Inácio MH,Izbicki R,Gyires-Tóth B","Distance Assessment and Hypothesis Testing of High-Dimensional Samples using Variational Autoencoders","arXiv preprint arXiv:1909. 07182","2019","","","","","","","","2019","",""
"Journal Article","de Almeida Inácio MH,Izbicki R,Gyires-Tóth B","Distance Assessment and Hypothesis Testing of High-Dimensional Samples using Variational Autoencoders","stat","2019","1050","","16","","","","","2019","",""
"Journal Article","de Almeida Inácio MH,Izbicki R,Bassi Stern R","Conditional independence testing: a predictive perspective","arXiv e-prints","2019","","","arXiv-1908","","","","","2019","",""
"Journal Article","Alves Diniz M,Salasar LE,Bassi Stern R","Positive Polynomials on closed boxes","arXiv e-prints","2016","","","arXiv-1610","","","","","2016","",""
"Journal Article","Montoril MH,da Silva Ferreira C","On the estimation of change points in the Beer-Lambert law problem","Chilean Journal of Statistics (ChJS)","2018","9","1","","","","","","2018","",""
"Journal Article","Fonseca R,Ludwig G,Montoril M,Pinheiro A","Nonparametric methods for detecting change in Multitemporal SAR/PolSAR Satellite Data","arXiv preprint arXiv:2001. 05764","2020","","","","","","","","2020","",""
"Journal Article","Montoril MH,Chang W,Vidakovic B","Wavelet-based estimation of generalized discriminant functions","Sankhya B","2019","81","","318-349","","Springer India","","","2019","",""
"Journal Article","Farias RB,Montoril MH,Andrade JA","Bayesian inference for extreme quantiles of heavy tailed distributions","Statistics & Probability Letters","2016","113","","103-107","","Elsevier","","","2016","",""
"Journal Article","Montoril MH,Morettin PA,Chiann C","Spline Estimation of Functional Coefficient Regression Models for Nonlinear Time Series with Correlated Errors","","","","","","","","","","","",""
"Journal Article","Montoril MH,Morettin PA,Chiann C","Spline Estimation of Functional Coefficient Regression Models with Correlated Errors","","","","","","","","","","","",""
"Ph.D. Thesis","Montoril MH","Modelos de regressão com coeficientes funcionais para séries temporais","","2013","","","","","","","","2013","Ph.D. Thesis","Universidade de São Paulo"
"Journal Article","Montoril MH,Morettin PA,Chiann C","Wavelet estimation of functional coefficient regression models","International Journal of Wavelets, Multiresolution and Information Processing","2018","16","01","1850004","","World Scientific","","","2018","",""
"Journal Article","Montoril MH","Instituto de Ciências Exatas Departamento de Estatıstica","","","","","","","","","","","",""
"Ph.D. Thesis","Montoril MH","Intervalos de confiança para altos quantis oriundos de distribuições de caudas pesadas","","2009","","","","","","","","2009","Ph.D. Thesis","Universidade de São Paulo"
"Journal Article","Montoril MH","Estatıstica do gradiente: uma nova alternativa","","","","","","","","","","","",""
"Journal Article","de Produçao EA,Montoril MH","Instituto de Ciências Exatas Departamento de Estatıstica","","","","","","","","","","","",""
"Journal Article","Montoril MH,Pinheiro A,Vidakovic B","Wavelet-based estimators for mixture regression","Scandinavian Journal of Statistics","2019","46","1","215-234","","Wiley Online Library","","","2019","",""
"Journal Article","Montoril MH,Morettin PA,Chiann C","Spline estimation of functional coefficient regression models for time series with correlated errors","Statistics & Probability Letters","2014","92","","226-231","","Elsevier","","","2014","",""
"Journal Article","Martínez-Hernández I,Genton MG,Coscrato V,Izbicki R,Stern RB,Liu Z,Li Q,Zhu F","M. MALEKI, A. HAJRAJABI and RB ARELLANO-VALLE Symmetrical and asymmetrical mixture autoregressive processes............. 273 U. BANDYOPADHYAY, S. MUKHERJEE and A. BISWAS","","","","","","","","","","","",""
"Journal Article","Izbicki R,Shimizu G,Stern RB","CD-split: efficient conformal regions in high dimensions","arXiv preprint arXiv:2007. 12778","2020","","","","","","","","2020","",""
"Journal Article","Izbicki R,Lee AB,Pospisil T","NNKCDE: Nearest Neighbor Kernel Conditional Density Estimation","Astrophysics Source Code Library","2020","","","ascl-2005","","","","","2020","",""
"Journal Article","Borges LM,Reis VC,Izbicki R","Schrödinger's phenotypes: Herbarium specimens show two-dimensional images are both good and (not so) bad sources of morphological data","Methods in Ecology and Evolution","2020","11","10","1296-1308","","","","","2020","",""
"Journal Article","Musetti M,Izbicki R","Combinando Métodos de Aprendizado Supervisionado para a Melhoria da Previsão do Redshift de Galáxias","TEMA (São Carlos)","2020","21","","117-131","","Sociedade Brasileira de Matemática Aplicada e Computacional","","","2020","",""
"Journal Article","Inacio M,Izbicki R,Gyires-Tóth B","Distance assessment and analysis of high-dimensional samples using variational autoencoders","Information Sciences","2021","557","","407-420","","Elsevier","","","2021","",""
"Journal Article","Stern RB,d'Alencar MS,Uscapi YL,Gubitoso MD,Roque AC,Helene AF,Piemonte ME","Goalkeeper Game: a new assessment tool for prediction of gait performance under complex condition in people with Parkinson's disease","Frontiers in Aging Neuroscience","2020","12","","50","","Frontiers Media SA","","","2020","",""
"Journal Article","Botari T,Hvilshøj F,Izbicki R,de Carvalho AC","MeLIME: meaningful local explanation for machine learning models","arXiv preprint arXiv:2009. 05818","2020","","","","","","","","2020","",""
"Journal Article","Inácio MH,Izbicki R,Lopes DL,Salasar LE,Poloniato J,Diniz MA","Wisdom of the crowds forecasting the 2018 FIFA Men's World Cup","arXiv preprint arXiv:2008. 13005","2020","","","","","","","","2020","",""
"Journal Article","Kim H,Ng C,Diniz MA,Montoril MH,Guan M,Brodsky V,Vail E,Tuli R,Blais E,Kim S,Others","Abstract C27: Association of mutant KRAS isoforms with weight loss in pancreatic cancer","Cancer Research","2019","79","24_Supplement","C27-C27","","The American Association for Cancer Research","","","2019","",""
"Journal Article","Izbicki R,Lee AB","A flexible approach to high-dimensional conditional density estimation","","","","","","","","","","","",""
"Conference Paper","Dalmasso N,Izbicki R,Lee A","Confidence sets and hypothesis testing in a likelihood-free inference setting","","2020","","","2323-2334","PMLR","","","International Conference on Machine Learning","2020","",""
"Journal Article","de Almeida Inácio MH,Izbicki R,Lourenço Lopes D,Salasar LE,Poloniato J,Alves Diniz M","Wisdom of the crowds forecasting the 2018 FIFA Men's World Cup","arXiv e-prints","2020","","","arXiv-2008","","","","","2020","",""
"Journal Article","Izbicki R,Diniz MA,Bastos LS","Sensitivity and specificity in prevalence studies: The importance of considering uncertainty","Clinics","2020","75","","e2449","","Faculdade de Medicina/USP","","","2020","",""
"Miscellaneous","Izbicki R,dos Santos TM","Aprendizado de máquina: uma abordagem estatística","","2020","","","","","Rafael Izbicki","","","2020","",""
"Journal Article","Izbicki R,Lee AB,Pospisil T","Appendix of “ABC-CDE: Towards Approximate Bayesian Computation with Complex High-Dimensional Data and Limited Simulations”","","","","","","","","","","","",""
"Journal Article","Batistão MV,Moreira RF,Coury HJ,Salasar LE,Sato TO","Prevalência de variações posturais e fatores associados em crianças e adolescentes: um estudo transversal","Fisioterapia em Movimento","2016","29","","777-786","","Pontifícia Universidade Católica do Paraná","","","2016","",""
"Journal Article","Comito MB,Izbicki R,Stern R,Trecenti J","CAUSAS DE DESAPARECIMENTO NO ESTADO DE SÃO PAULO ENTRE 2013 E 2014: UMA ANÁLISE AUTOMATIZADA DE BOLETINS DE OCORRÊNCIA","Revista da Defensoria Pública do Estado de São Paulo","2021","2","2","285-316","","","","","2021","",""
"Journal Article","Damiani A,Ferez M,Stern R,Trecenti J","O valor da causa e o valor concedido por danos morais nos JEC","","2014","","","","","Revista dos Tribunais","","","2014","",""
"Journal Article","Esteves LG,Stern RB","Inferência bayesiana","Universidade Federal de São Carlos, São Carlos, SP-Brasil, Tech. Rep","2017","","","","","","","","2017","",""
"Conference Paper","Zhao D,Dalmasso N,Izbicki R,Lee AB","Diagnostics for conditional density models and bayesian inference algorithms","","2021","","","1830-1840","PMLR","","","Uncertainty in Artificial Intelligence","2021","",""
"Journal Article","Izbicki R,Shimizu G,Stern RB","Cd-split and hpd-split: Efficient conformal regions in high dimensions","Journal of Machine Learning Research","2022","23","87","1-32","","","","","2022","",""
"Conference Paper","Cabezas LM,Stern RB","Previsão em modelos filogenéticos","","2021","","","","","","","XXVII CIC e XII CIDTI","2021","",""
"Journal Article","de Carvalho HG,Esteves LG","The Full Bayesian Significance Test for marginal homogeneity in two-way contingency tables","","","","","","","","","","","",""
"Conference Paper","Yasuda LI,Stern RB","Métodos de simulação para o cálculo de integrais com aplicações à Inferência Bayesiana","","2021","","","","","","","XXVII CIC e XII CIDTI","2021","",""
"Book Chapter","Gong R,Kadane JB,Schervish MJ,Seidenfeld T,Stern RB","The Value Provided by a Scientific Explanation","","2022","","","15-35","","Springer International Publishing Cham","Reflections on the Foundations of Probability and Statistics: Essays in Honor of Teddy Seidenfeld","","2022","",""
"Journal Article","Valle D,Shimizu G,Izbicki R,Maracahipes L,Silverio DV,Paolucci LN,Jameel Y,Brando P","The Latent Dirichlet Allocation model with covariates (LDAcov): A case study on the effect of fire on species composition in Amazonian forests","Ecology and evolution","2021","11","12","7970-7979","","","","","2021","",""
"Journal Article","Stern JM","The Logical Consistency of Simultaneous Agnostic Hypothesis Tests","","2016","","","","","","","","2016","",""
"Journal Article","Dalmasso N,Zhao D,Izbicki R,Lee AB","Likelihood-free frequentist inference: Bridging classical statistics and machine learning in simulation and uncertainty quantification","arXiv preprint arXiv:2107. 03920","2021","","","","","","","","2021","",""
"Journal Article","Olivieri Filho CA,Suzuki AK,Louzada F,Saraiva EF,Salasar LE","Uma abordagem bayesiana para previsão de resultados de jogos de futebol: uma aplicação ao campeonato inglês","Brazilian Journal of Biometrics","2017","35","1","76-97","","","","","2017","",""
"Journal Article","Izbicki R,Bastos LS,Izbicki M,Lopes HF,Santos TM","How many hospitalizations has the COVID-19 vaccination already prevented in São Paulo?","Clinics","2021","76","","e3250","","Faculdade de Medicina/USP","","","2021","",""
"Journal Article","McNeely T,Vincent G,Izbicki R,Wood KM,Lee AB","Identifying Distributional Differences in Convective Evolution Prior to Rapid Intensification in Tropical Cyclones","arXiv preprint arXiv:2109. 12029","2021","","","","","","","","2021","",""
"Journal Article","Dey B,Newman JA,Andrews BH,Izbicki R,Lee AB,Zhao D,Rau MM,Malz AI","Re-calibrating Photometric Redshift Probability Distributions Using Feature-space Regression","arXiv preprint arXiv:2110. 15209","2021","","","","","","","","2021","",""
"Journal Article","Schervish M,Seidenfeld T,Gong R,Kadane JJ,Stern R","When No Price is Right","Joseph (Jay) B. and Stern, Rafael, When No Price is Right","2021","","","","","","","","2021","",""
"Journal Article","Cabezas LM,Izbicki R,Stern RB","Hierarchical clustering: Visualization, feature importance and model selection","Applied Soft Computing","2023","141","","110303","","Elsevier","","","2023","",""
"Journal Article","Gong R,Kadane JB,Schervish MJ,Seidenfeld T,Stern RB,Gong R,Kadane JB,Schervish MJ,Seidenfeld T,Stern RB","Deceptive Credences","Ergo an Open Access Journal of Philosophy","2021","7","","","","Michigan Publishing Services","","","2021","",""
"Journal Article","Montoril MH,Correia LT,Migon HS","Bayesian estimation of dynamic weights in Gaussian mixture models","arXiv preprint arXiv:2104. 03395","2021","","","","","","","","2021","",""
"Journal Article","Montoril MH,Pinheiro A,Vidakovic B","Wavelet-based estimation of power densities of size-biased data","arXiv preprint arXiv:2112. 12895","2021","","","","","","","","2021","",""
"Journal Article","McNeely T,Vincent G,Wood KM,Izbicki R,Lee AB","Detecting distributional differences in labeled sequence data with application to tropical cyclone satellite imagery","The Annals of Applied Statistics","2023","17","2","1260-1284","","Institute of Mathematical Statistics","","","2023","",""
"Journal Article","Izbicki R","Introduçaoa Inferência Causal","","","","","","","","","","","",""
"Journal Article","Shimizu GY,Izbicki R,Valle D","A new LDA formulation with covariates","Communications in Statistics-Simulation and Computation","2023","","","1-18","","Taylor & Francis","","","2023","",""
"Journal Article","Inacio M,Izbicki R,Lopes D,Diniz MA,Salasar LE,Ferreira JCP","What If the Forecaster Knew? Assessing Forecast Reliability via Simulation","Trends in Computational and Applied Mathematics","2022","23","","175-192","","Sociedade Brasileira de Matemática Aplicada e Computacional-SBMAC","","","2022","",""
"Journal Article","Reimann BF,Izbicki R,Stern JM,Stern RB,Esteves LG","Logical coherence in Bayesian simultaneous three-way hypothesis tests","arXiv preprint arXiv:2204. 01495","2022","","","","","","","","2022","",""
"Journal Article","Esteves LG,Wechsler S,Zuazola PL","Uma nova versão do modelo de urna de Polya-Eggenberger","","2001","","","","","","","","2001","",""
"Journal Article","Chiann C,Montoril MH,Morettin PA","Estimação do número de reprodução da pandemia por covid-19 em São Paulo","Revista Brasileira de Estatística","2020","78","245","91-109","","","","","2020","",""
"Journal Article","Izbicki R,Esteves LG","Logical consistency in simultaneous test procedures","","2014","","","","","","","","2014","",""
"Conference Paper","Pereira CA,Stern RB","Identification of differentially expressed genes in RNA-Seq platform: a Bayesian multivariate logistic-normal model","","2014","","","","","","","Program and abstract","2014","",""
"Journal Article","Lauretto MS,Stern RB,Morgan KL,Clark MH,Stern JM","Amostragem fortuita para melhorar o balanceamento de covariáveis em experimentos","Anais","2016","","","14","","","","","2016","",""
"Journal Article","Stern JM,Pereira CA,Lauretto MS,Esteves LG,Izbicki R,Stern RB,Diniz MA","The e-value and the full bayesian significance test: logical properties and philosophical consequences","arXiv preprint arXiv:2205. 08010","2022","","","","","","","","2022","",""
"Journal Article","Polo FM,Izbicki R,Lacerda Jr EG,Ibieta-Jimenez JP,Vicente R","A unified framework for dataset shift diagnostics","Information Sciences","2023","649","","119612","","Elsevier","","","2023","",""
"Journal Article","Masserano L,Dorigo T,Izbicki R,Kuusela M,Lee AB","Simulation-based inference with waldo: Perfectly calibrated confidence regions using any prediction or posterior estimation algorithm","arXiv preprint arXiv:2205. 15680","2022","","","","","","","","2022","",""
"Journal Article","Dey B,Zhao D,Newman JA,Andrews BH,Izbicki R,Lee AB","Calibrated predictive distributions via diagnostics for conditional coverage","arXiv e-prints","2022","","","arXiv-2205","","","","","2022","",""
"Journal Article","de Oliveira FL,Stern RB,Noli AF","Processo decisório do Supremo Tribunal Federal na transição democrática brasileira (1978-1988)","Revista de Estudos Empíricos em Direito","2022","9","","1-27","","","","","2022","",""
"Journal Article","Shimizu GY","Bandas de predição usando densidade condicional estimada e um modelo LDA com covariáveis","","2021","","","","","Universidade Federal de São Carlos","","","2021","",""
"Journal Article","de Oliveirai FL,Stern RB,Noli AF","PROCESSO DECISÓRIO DO SUPREMO TRIBUNAL FEDERAL NA TRANSIÇÃO DEMOCRÁTICA BRASILEIRA","","","","","","","","","","","",""
"Conference Paper","Dey B,Zhao D,Andrews B,Newman J,Izbicki R,Lee A","Calibrated Predictive Distributions for Photometric Redshifts","","2022","","","","","","","Machine Learning for Astrophysics, proceedings of the Thirty-ninth International Conference on Machine Learning (ICML 2022)","2022","",""
"Ph.D. Thesis","Cerqueira A,Others","Inferência estatística para grafos aleatórios e redes","","","","","","","","","","","Ph.D. Thesis","Universidade de São Paulo (USP). Instituto de Matemática e Estatística (IME/SBI)"
"Ph.D. Thesis","Cerqueira A","Teste de hipóteses para grafos aleatórios com aplicação à neurociência","","2014","","","","","","","","2014","Ph.D. Thesis","Universidade de São Paulo"
"Journal Article","Cerqueira A,Garivier A,Leonardi F","A note on perfect simulation for Exponential Random Graph Models","ESAIM: Probability and Statistics","2020","24","","138-147","","EDP Sciences","","","2020","",""
"Journal Article","Cerqueira A,Garivier A,Leonardi F","A note on perfect simulation for exponential random graph models","arXiv preprint arXiv:1710. 00873","2017","","","","","","","","2017","",""
"Journal Article","Cerqueira A,Leonardi F","Estimation of the number of communities in the stochastic block model","IEEE Transactions on Information Theory","2020","66","10","6403-6412","","IEEE","","","2020","",""
"Journal Article","Cerqueira A,Vargas C,Fraiman D,Leonardi F","A test of hypotheses for random graph distributions","","","","","","","","","","","",""
"Ph.D. Thesis","Cerqueira A","Statistical inference on random graphs and networks","","2018","","","","","","","","2018","Ph.D. Thesis","Universidade de São Paulo"
"Journal Article","Cerqueira A,Leonardi F","Strong consistency of krichevsky-trofimov estimator for the number of communities in the stochastic block model","arXiv preprint arXiv:1804. 03509","2018","","","","","","","","2018","",""
"Journal Article","Cerqueira A,Fraiman D,Vargas CD,Leonardi F","A test of hypotheses for random graph distributions built from EEG data","IEEE Transactions on network science and engineering","2017","4","2","75-82","","IEEE","","","2017","",""
"Journal Article","de Oliveira Jr M,Louzada F,de Araujo Pereira GH,Moreira FF,Calabrese R","Inflated mixture models: Applications to multimodality in loss given default","Available at SSRN 2634919","2015","","","","","","","","2015","",""
"Journal Article","Pereira GH,Others","Avaliação do grau de atendimento de um estabelecimento de saúde pública, localizado no agreste alagoano, aos principais tópicos das normas regulamentadoras 07 e 09","","2018","","","","","Universidade Federal de Alagoas","","","2018","",""
"Conference Paper","Brolo CL,Pereira GH","Comparação de testes de hipóteses para duas médias em variáveis do tipo proporção","","2018","","","","","","","[UFSCar São Carlos] XXV CIC e X CIDTI-2018","2018","",""
"Ph.D. Thesis","de Araujo Pereira GH","Modelos de risco de crédito de clientes: uma aplicação a dados reais","","2004","","","","","","","","2004","Ph.D. Thesis","Instituto de Matemática e Estatística da Universidade de São Paulo, 23/08/2004."
"Journal Article","Wechsler S,Assunção F,Stern RB","Relatório de análise estatística sobre o projeto:"" íntegra: gênero e família""","","2006","","","","","","","","2006","",""
"Journal Article","Feronato SG,Silva ML,Izbicki R,Farias TD,Shigunov P,Dallagiovanna B,Passetti F,Dos Santos HG","Selecting genetic variants and interactions associated with amyotrophic lateral sclerosis: a group LASSO approach","Journal of Personalized Medicine","2022","12","8","1330","","MDPI","","","2022","",""
"Journal Article","Gong R,Kadane JB,Schervish MJ,Seidenfeld T,Stern RB","Learning and total evidence with imprecise probabilities","International Journal of Approximate Reasoning","2022","151","","21-32","","Elsevier","","","2022","",""
"Journal Article","Shimizu GY,Izbicki R,de Carvalho AC","Model interpretation using improved local regression with variable importance","arXiv preprint arXiv:2209. 05371","2022","","","","","","","","2022","",""
"Journal Article","Alencar AP,Pansonato F,Izbicki R","Relatório de análise estatística sobre o projeto duração silábica e níveis prosódicos em português brasileiro","","2008","","","","","","","","2008","",""
"Journal Article","Martino L,Stern RB,Louzada F","Contributed Discussion on Article by Pratola","Bayesian Analysis","2016","11","3","941-943","","","","","2016","",""
"Journal Article","Lima AC,Peixoto GR,Izbicki R","Relatório de análise estatística sobre o projeto"" modelo de avaliação prognóstica em pacientes com insuficiência cardíaca""","","2008","","","","","","","","2008","",""
"Journal Article","Polpo A,Stern JM,Louzada F,Izbicki R,Takada HH","This book brings the contributed works of MaxEnt 2017-37th International Workshop on Bayesian Inference and Maximum Entropy Methods in Science and Engineering.[Prefácio]","Bayesian inference and maximum entropy methods in science and engineering","2018","","","","","","","","2018","",""
"Journal Article","Esteves LG,Izbicki R,Stern JM,Stern RB","Logical coherence in Bayesian simultaneous three-way hypothesis tests","International Journal of Approximate Reasoning","2023","152","","297-309","","Elsevier","","","2023","",""
"Journal Article","Otto MP,Izbicki R","RFFNet: Scalable and interpretable kernel methods via Random Fourier Features","arXiv preprint arXiv:2211. 06410","2022","","","","","","","","2022","",""
"Journal Article","Masserano L,Dorigo T,Izbicki R,Kuusela M,Lee AB","Likelihood-Free Frequentist Inference for Calorimetric Muon Energy Measurement in High-Energy Physics","","","","","","","","","","","",""
"Journal Article","da Silva Ferreira C,Montoril MH,Paula GA","Partially linear models with p-order autoregressive skew-normal errors","Brazilian Journal of Probability and Statistics","2022","36","4","792-806","","Brazilian Statistical Association","","","2022","",""
"Journal Article","Dalmasso N,Masserano L,Zhao D,Izbicki R,Lee AB","Likelihood-free frequentist inference: Confidence sets with correct conditional coverage","arXiv e-prints","2021","","","arXiv-2107","","","","","2021","",""
"Journal Article","Stern JM,Esteves LG,Izbicki R,Stern R","Pragmatic Hypotheses in the Evolution of Science","","2019","","","","","","","","2019","",""
"Journal Article","Grivol G,Izbicki R,Okuno AA,Stern RB","Flexible conditional density estimation for time series","arXiv preprint arXiv:2301. 09671","2023","","","","","","","","2023","",""
"Journal Article","Fumis AA,Stern RB,Fossaluza V,Lima VH","Relatório de Análise Estatística sobre o Projeto “Uma Bioarqueologia da Infância: Apontamentos sobre a dieta infantil entre sambaquieiros através da análise de isótopos estáveis de $\delta$15N e $\delta$13C”","","2022","","","","","","","","2022","",""
"Journal Article","Elga A,Cisewski J,Kadane JB,Schervish MJ,Seidenfeld T,Stern R,Icard III TF,Martínez M,Godfrey-Smith P,Luczak J,Others","A Theory of Everything","","","","","","","The University of Chicago Press","","","","",""
"Conference Paper","Comito MB,Izbicki R","Estudo de pessoas desaparecidas através de técnicas de aprendizado de máquina","","2021","","","","","","","XXVII CIC e XII CIDTI","2021","",""
"Conference Paper","Nakazono L,Ruiz R,Soares G,Izbicki R,Ivezic Z,Mendes de Oliveira C","Redshift estimation of quasars using 12-band photometry from S-PLUS","","2023","55","","242-207","","","","American Astronomical Society Meeting Abstracts","2023","",""
"Journal Article","Coscrato V,Inácio MH,Botari T,Izbicki R","NLS: An accurate and yet easy-to-interpret prediction method","Neural Networks","2023","162","","117-130","","Pergamon","","","2023","",""
"Conference Paper","Dey B,Zhao D,Newman J,Andrews B,Lee A,Izbicki R","Calibrated Predictive Distributions","","2023","2023","","Q12-004","","","","APS April Meeting Abstracts","2023","",""
"Journal Article","Masserano L,Dorigo T,Izbicki R,Kuusela M,Lee AB","Simulator-Based Inference with WALDO: Confidence Regions by Leveraging Prediction Algorithms and Posterior Estimators for Inverse Problems","Proceedings of Machine Learning Research","2023","206","","","","","","","2023","",""
"Journal Article","Assunção GO,Izbicki R,Prates MO","Is augmentation effective to improve prediction in imbalanced text datasets?","arXiv preprint arXiv:2304. 10283","2023","","","","","","","","2023","",""
"Journal Article","Santos MR,Izbicki R","Expertise-based Weighting for Regression Models with Noisy Labels","arXiv preprint arXiv:2305. 07430","2023","","","","","","","","2023","",""
"Journal Article","dos Santos MR,Izbicki R","Expertise-based Weighting for Regression Models with Noisy Labels","arXiv e-prints","2023","","","arXiv-2305","","","","","2023","",""
"Journal Article","de Oliveira FL,Stern RB,Noli AF","Decision-Making Process of Supreme Court in Brazil's Democratic Transition (1978-1988)","Braz. J. Empirical Legal Stud.","2022","9","","1","","","","","2022","",""
"Journal Article","Valle D,Izbicki R,Leite RV","Quantifying uncertainty in land-use land-cover classification using conformal statistics","Remote Sensing of Environment","2023","295","","113682","","Elsevier","","","2023","",""
"Journal Article","Cerqueira A,Garcia NL","Graphical construction of spatial Gibbs random graphs","Journal of Mathematical Physics","2022","63","4","","","AIP Publishing","","","2022","",""
"Journal Article","Cerqueira A,Levina E","A pseudo-likelihood approach to community detection in weighted networks","arXiv preprint arXiv:2303. 05909","2023","","","","","","","","2023","",""
"Journal Article","Montoril MH,Souza EA","Estatística gradiente: propriedades e aplicações","Rev Bras Biometr","2013","31","1","43-60","","","","","2013","",""
"Journal Article","Viana Y,Amorim TO,de Castro FR,Wedekin L,Paro AD,Montoril MH,Rossi-Santos M,Andriolo A","Are dolphins modulating whistles in interspecific group contexts?","Bioacoustics","2022","31","6","668-679","","Taylor & Francis","","","2022","",""
"Conference Paper","Morettin PA,Chiann C,Montoril MH","Wavelet Estimation of Functional-coefficient Regression Models","","2014","","","231","","","","29th International Workshop on Statistical Modelling","2014","",""
"Journal Article","Motta FC,Montoril MH","Identifying regime switches through Bayesian wavelet estimation: evidence from flood detection in the Taquari River Valley","arXiv preprint arXiv:2307. 14828","2023","","","","","","","","2023","",""
"Journal Article","Reis VC,Izbicki R","Spectral smooth tests for goodness-of-fit","arXiv preprint arXiv:2308. 06601","2023","","","","","","","","2023","",""
"Journal Article","Belitsky IT,Kodono JT,Stern RB,Alves TV","Relatório de análise estatística sobre o projeto"" Análise quimiométrica de seletividade nos sítios ativos de cisteíno proteases da família da papaína para o estudo de substâncias antiparasitárias e antineoplásicas""","","2023","","","","","","","","2023","",""
"Journal Article","Izbicki R,Cabezas L,Colugnatti FA,Lassance RF,de Souza AA,Stern RB","Rethinking hypothesis tests","arXiv preprint arXiv:2308. 09112","2023","","","","","","","","2023","",""
"Journal Article","Dorigo T,Aehle M,Donini J,Doro M,Gauger NR,Izbicki R,Lee A,Masserano L,Nardi F,Shen A,Others","End-To-End Optimization of the Layout of a Gamma Ray Observatory","arXiv preprint arXiv:2310. 01857","2023","","","","","","","","2023","",""
"Journal Article","Ferreira RF","Cadeias estocásticas de memória ilimitada com aplicação na neurociência","","2019","","","","","Universidade Federal de São Carlos","","","2019","",""
"Journal Article","Ferreira RF","Concentration bounds for plug-in estimator of directed information","IEEE Transactions on Information Theory","2021","67","8","4939-4947","","IEEE","","","2021","",""
"Journal Article","Ferreira RF","Uma aproximação do tipo Euler-Maruyama para o processo de Cox-Ingersoll-Ross","","2015","","","","","Universidade Federal de São Carlos","","","2015","",""
"Journal Article","Taveira P,Ferreira R,Rocha V,Ramalho JC","Gerador de Web Services para cadeias de transformações de documentos XML","","2004","","","","","","","","2004","",""
"Journal Article","Ferreira RF,Gallo S,Paccaut F","Non-regular g-measures and variable length memory chains","Nonlinearity","2020","33","11","6026","","IOP Publishing","","","2020","",""
"Journal Article","Lassance R,Stern RB","Avoiding the Pitfalls of Testing Sharp Hypotheses: The Nonparametric Case","","2022","","","","","Galoá","","","2022","",""
"Journal Article","Izbicki R","Match case Limit results 1 per page","","","","","","","","","","","",""
"Journal Article","Montoril MH,Correia LT,Migon HS","Dynamic Weights in Gaussian Mixture Models: A Bayesian Approach","arXiv preprint arXiv:2104. 03395","2021","","","","","","","","2021","",""
"Journal Article","Cabezas LM,Otto MP,Izbicki R,Stern RB","Toward local and valid uncertainty estimation in machine learning","Livro de Resumos","2023","","","","","","","","2023","",""
"Journal Article","Shen A,Masserano L,Izbicki R,Dorigo T,Doro M,Lee AB","Classification under Prior Probability Shift in Simulator-Based Inference: Application to Atmospheric Cosmic-Ray Showers","","","","","","","","","","","",""
"Journal Article","Maia Polo F,Izbicki R,Lacerda Jr EG,Ibieta-Jimenez JP,Vicente R","A unified framework for dataset shift diagnostics","","2023","","","","","","","","2023","",""
"Journal Article","Dheur V,Bosser T,Izbicki R,Taieb SB","Distribution-Free Conformal Joint Prediction Regions for Neural Marked Temporal Point Processes","arXiv preprint arXiv:2401. 04612","2024","","","","","","","","2024","",""
"Journal Article","Silva AF,Maciel EH,Aragão ES,Stern RB,Fossaluza V","Relatório de análise estatística sobre o projeto"" Risco de perda em ações judiciais""","","2023","","","","","","","","2023","",""
"Journal Article","Masserano L,Shen A,Doro M,Dorigo T,Izbicki R,Lee AB","Classification under Nuisance Parameters and Generalized Label Shift in Likelihood-Free Inference","arXiv preprint arXiv:2402. 05330","2024","","","","","","","","2024","",""
"Journal Article","Cabezas L,Otto MP,Izbicki R,Stern RB","Regression Trees for Fast and Adaptive Prediction Intervals","arXiv preprint arXiv:2402. 07357","2024","","","","","","","","2024","",""
"Conference Paper","Inácio MH,Izbicki R","Conditional density estimation using Fourier series and neural networks","","2018","","","41-48","SBC","","","Anais do VI Symposium on Knowledge Discovery, Mining and Learning","2018","",""
"Journal Article","Cruz Cabezas L,Otto MP,Izbicki R,Stern R","Regression Trees for Fast and Adaptive Prediction Intervals","Mateus Piovezan and Izbicki, Rafael and Stern, Rafael, Regression Trees for Fast and Adaptive Prediction Intervals","","","","","","","","","","",""
"Journal Article","Seidenfeld T,Kadane JB,Schervish MJ,Stern RB","Finite Additivity, Complete Additivity, and the Comparative Principle","Erkenntnis","2024","","","1-24","","Springer Netherlands","","","2024","",""
"Journal Article","Masserano L,Dorigo T,Izbicki R,Kuusela M,Lee AB","Simulation-Based Inference with Waldo: Confidence Regions by Leveraging Prediction Algorithms or Posterior Estimators for Inverse Problems","arXiv preprint arXiv:2205. 15680","2022","","","","","","","","2022","",""
"Journal Article","Dalmasso N,Masserano L,Zhao D,Izbicki R,Lee AB","Likelihood-Free Frequentist Inference: Bridging Classical Statistics and Machine Learning for Reliable Simulator-Based Inference","arXiv preprint arXiv:2107. 03920","2021","","","","","","","","2021","",""
"Journal Article","Dey B,Zhao D,Newman JA,Andrews BH,Izbicki R,Lee AB","Conditionally Calibrated Predictive Distributions by Probability-Probability Map: Application to Galaxy Redshift Estimation and Probabilistic Forecasting","arXiv preprint arXiv:2205. 14568","2022","","","","","","","","2022","",""
"Journal Article","Lassance RF,Izbicki R,Stern RB","PROTEST: Nonparametric Testing of Hypotheses Enhanced by Experts' Utility Judgements","arXiv preprint arXiv:2403. 05655","2024","","","","","","","","2024","",""
"Journal Article","Nakazono L,R Valença R,Soares G,Izbicki R,Ivezić Ž,R Lima EV,T Hirata NS,Sodré Jr L,Overzier R,Almeida-Fernandes F,Others","The Quasar Catalogue for S-PLUS DR4 (QuCatS) and the estimation of photometric redshifts","Monthly Notices of the Royal Astronomical Society","2024","531","1","327-339","","Oxford University Press","","","2024","",""
"Conference Paper","Csillag D,Paes LM,Ramos T,Romano JV,Schuller R,Seixas RB,Oliveira RI,Orenstein P","AmnioML: amniotic fluid segmentation and volume prediction with uncertainty quantification","","2023","37","","15494-15502","","","","Proceedings of the AAAI Conference on Artificial Intelligence","2023","",""
"Conference Paper","Csillag D,Piazza C,Ramos T,Romano JV,Oliveira RI,Orenstein P","ExactBoost: Directly Boosting the Margin in Combinatorial and Non-decomposable Metrics","","2022","","","9017-9049","PMLR","","","International Conference on Artificial Intelligence and Statistics","2022","",""
"Journal Article","Orofino DH,Passos SR,Pone SM,Pone MV,Aguiar EB,Araújo IO,Ramos TM,Silva LM,Oliveira BM,Silva LN,Others","24-hour Holter findings in infants with in-utero exposure to the Zika virus: a series of cases","Revista do Instituto de Medicina Tropical de São Paulo","2020","62","","e50","","SciELO Brasil","","","2020","",""
"Journal Article","Csillag D,Piazza C,Ramos T,Romano JV,Oliveira R,Orenstein P","Optimizing Combinatorial and Non-decomposable Metrics with ExactBoost","","","","","","","","","","","",""
"Journal Article","Orofino DH,Passos SR,Leite MF,Farias CV,Ramos TM,e Silva LM,Oliva RA,Oliveira RV","Reliability of Echocardiographic Measurements in Infants Exposed to Zika Virus","","2020","","","","","","","","2020","",""
"Journal Article","Orofino DH,Passos SR,Pone SM,Pone MS,de Aguiar EB,de Araújo IO,Ramos TM,e Silva LM,Menezes B,da Silva LN,Others","24-hour Holter findings in infants with in utero exposure to Zika virus: a cross-sectional study","","2019","","","","","","","","2019","",""
"Conference Paper","Ramos T,Schuller RL,Okuno AA,Nissenbaum L,Oliveira RI,Orenstein P","BlockBoost: Scalable and Efficient Blocking through Boosting","","2024","","","2575-2583","PMLR","","","International Conference on Artificial Intelligence and Statistics","2024","",""
"Journal Article","Csillag D,Monteiro L,Ramos T,Romano JV,Schuller R,Oliveira RI,Seixas RB,Orenstein P","Uncertainty Quantification for Amniotic Fluid Segmentation and Volume Prediction","","","","","","","","","","","",""
"Journal Article","Oliveira RI,Orenstein P,Ramos T,Romano JV","Split conformal prediction for dependent data","arXiv preprint arXiv:2203. 15885","2022","","","","","","","","2022","",""
